FCID,Lane,SampleID,SampleRef,Index,Desctription,Control,Recipe,Operator,SampleProject
DOEFTACXX,2,SID6485702398,hg19,ATCACG,WES,N,Agilent automated 50MB,Saarene Panossian,DOEFTACXX
DOEFTACXX,2,SID3187823447,hg19,TTAGGC,WES,N,Agilent automated 50MB,Saarene Panossian,DOEFTACXX
DOEFTACXX,2,SID6311338851,hg19,ACAGTG,WES,N,Agilent automated 50MB,Saarene Panossian,DOEFTACXX
DOEFTACXX,2,SID3347137863,hg19,CAGATC,WES,N,Agilent automated 50MB,Saarene Panossian,DOEFTACXX
DOEFTACXX,2,SID8707784987,hg19,GATCAG,WES,N,Agilent automated 50MB,Saarene Panossian,DOEFTACXX
DOEFTACXX,3,SID3748956694,hg19,CGATGT,WES,N,Agilent automated 50MB,Saarene Panossian,DOEFTACXX
DOEFTACXX,3,SID9339927066,hg19,TGACCA,WES,N,Agilent automated 50MB,Saarene Panossian,DOEFTACXX
DOEFTACXX,3,SID2062326290,hg19,GCCAAT,WES,N,Agilent automated 50MB,Saarene Panossian,DOEFTACXX
DOEFTACXX,3,SID1532031167,hg19,ACTTGA,WES,N,Agilent automated 50MB,Saarene Panossian,DOEFTACXX
DOEFTACXX,3,SID8172170151,hg19,CTTGTA,WES,N,Agilent automated 50MB,Saarene Panossian,DOEFTACXX
DOEFTACXX,5,SID4561780709,hg19,ATCACG,WES,N,Agilent automated 50MB,Saarene Panossian,DOEFTACXX
DOEFTACXX,5,SID8815368930,hg19,TTAGGC,WES,N,Agilent automated 50MB,Saarene Panossian,DOEFTACXX
DOEFTACXX,5,SID2186736572,hg19,ACAGTG,WES,N,Agilent automated 50MB,Saarene Panossian,DOEFTACXX
DOEFTACXX,5,SID3933177900,hg19,CAGATC,WES,N,Agilent automated 50MB,Saarene Panossian,DOEFTACXX
DOEFTACXX,6,SID2896640491,hg19,GATCAG,WES,N,Agilent automated 50MB,Saarene Panossian,DOEFTACXX
DOEFTACXX,6,SID9890371862,hg19,GGCTAC,WES,N,Agilent automated 50MB,Saarene Panossian,DOEFTACXX
DOEFTACXX,6,EOE-01,hg19,ACAGTG,WES,N,Agilent manual 50MB,Saarene Panossian,DOEFTACXX
DOEFTACXX,6,EOE-03,hg19,CAGATC,WES,N,Agilent manual 50MB,Saarene Panossian,DOEFTACXX
DOEFTACXX,7,SID435306759,hg19,ATCACG,WES,N,Agilent automated 50MB,Saarene Panossian,DOEFTACXX
DOEFTACXX,7,SID9286471539,hg19,TTAGGC,WES,N,Agilent automated 50MB,Saarene Panossian,DOEFTACXX
DOEFTACXX,7,SID3806393187,hg19,ACAGTG,WES,N,Agilent automated 50MB,Saarene Panossian,DOEFTACXX
DOEFTACXX,7,SID8152245410,hg19,CAGATC,WES,N,Agilent automated 50MB,Saarene Panossian,DOEFTACXX